{
    "id": "qidi",
    "version": 2,
    "name": "Qidi",
    "inherits": "fdmprinter",
    "metadata": {
        "author": "Qidi",
        "manufacturer": "Qidi",
        "category": "Qidi",
        "visible": false,
        "file_formats": "text/x-gcode",
        "has_materials": true,
        "has_machine_quality": true,
        "preferred_material": "generic_pla_175",
        "preferred_quality_type": "normal",
        "_platform_texture": "Ultimaker2backplate.png",
        "first_start_actions": ["MachineSettingsAction"],
        "machine_extruder_trains": { "0": "qidi_extruder_0" },
        "exclude_materials": [
            "ultimaker_abs_black",
            "ultimaker_abs_blue",
            "ultimaker_abs_green",
            "ultimaker_abs_grey",
            "ultimaker_abs_orange",
            "ultimaker_abs_pearl-gold",
            "ultimaker_abs_red",
            "ultimaker_abs_silver-metallic",
            "ultimaker_abs_white",
            "ultimaker_abs_yellow",
            "ultimaker_bam",
            "ultimaker_cpe_black",
            "ultimaker_cpe_blue",
            "ultimaker_cpe_dark-grey",
            "ultimaker_cpe_green",
            "ultimaker_cpe_light-grey",
            "ultimaker_cpe_plus_black",
            "ultimaker_cpe_plus_transparent",
            "ultimaker_cpe_plus_white",
            "ultimaker_cpe_red",
            "ultimaker_cpe_transparent",
            "ultimaker_cpe_white",
            "ultimaker_cpe_yellow",
            "ultimaker_nylon_black",
            "ultimaker_nylon_transparent",
            "ultimaker_pc_black",
            "ultimaker_pc_transparent",
            "ultimaker_pc_white",
            "ultimaker_pla_black",
            "ultimaker_pla_blue",
            "ultimaker_pla_green",
            "ultimaker_pla_magenta",
            "ultimaker_pla_orange",
            "ultimaker_pla_pearl-white",
            "ultimaker_pla_red",
            "ultimaker_pla_silver-metallic",
            "ultimaker_pla_transparent",
            "ultimaker_pla_white",
            "ultimaker_pla_yellow",
            "ultimaker_pp_transparent",
            "ultimaker_pva",
            "ultimaker_tough_pla_black",
            "ultimaker_tough_pla_green",
            "ultimaker_tough_pla_red",
            "ultimaker_tough_pla_white",
            "ultimaker_tpu_black",
            "ultimaker_tpu_blue",
            "ultimaker_tpu_red",
            "ultimaker_tpu_white"
        ]
    },
    "overrides": {
        "machine_nozzle_size": { "default_value": 0.4},
        "material_diameter": { "default_value": 1.75 },
        "machine_heated_bed": { "default_value": true },
        "machine_max_feedrate_x": { "default_value": 200 },
        "machine_max_feedrate_y": { "default_value": 200 },
        "machine_max_feedrate_z": { "default_value": 5 },
        "machine_max_acceleration_x": { "value": 1000 },
        "machine_max_acceleration_y": { "value": 1000 },
        "machine_max_acceleration_z": { "value": 100 },
        "machine_max_acceleration_e": { "value": 5000 },
        "machine_max_jerk_xy": { "value": 15 },
        "machine_acceleration": { "value": 1000 },
        "acceleration_print": { "value": 1000 },
        "acceleration_travel": { "value": 1000 },
        "infill_sparse_density":{ "default_value": 15 },
        "min_infill_area":{ "default_value": 25 },
        "top_layers":{ "default_value": 5 },
        "bottom_layers":{ "default_value": 3 },
        "prime_tower_flow":{ "minimum_value": "0.0001" },
        "retract_at_layer_change": { "default_value": true },
        "retraction_retract_speed":{ "default_value": 35 },
        "retraction_speed":{ "default_value": 35 },
        "retraction_amount":{ "default_value": 1.5 },
        "travel_retract_before_outer_wall":{ "default_value": true },
        "retraction_hop_after_extruder_switch":{ "default_value": false },
        "skirt_gap":{ "default_value": 4},
        "skirt_brim_minimal_length":{ "default_value": 50},
        "support_interface_density":{ "default_value": 70},
        "support_roof_density":{ "default_value": 70},
        "speed_wall_x":{"default_value": 30, "value": "speed_print * 0.6"},
        "speed_topbottom":{"default_value": 30, "value": "speed_print * 0.8"},
        "speed_support":{"default_value": 60, "value": "speed_print * 0.8"},
        "speed_layer_0":{"default_value": 20, "value": 20 },
        "speed_travel_layer_0":{"default_value": 80, "value":80},
        "speed_slowdown_layers":{"default_value": 1},
        "cool_min_layer_time":{"default_value": 15, "settable_per_extruder": false},
        "optimize_wall_printing_order": { "value": "True" },
        "retraction_combing": { "default_value": "infill" },
        "adhesion_type": { "default_value": "skirt" },
        "relative_extrusion": { "enabled": true, "settable_per_mesh": false, "settable_per_extruder": false },
        "bridge_wall_min_length": { "settable_per_mesh": false, "settable_per_extruder": true},
        "bridge_wall_coast": { "settable_per_mesh": false},
        "ooze_shield_dist":{ "default_value": 5 },
        "switch_extruder_retraction_speeds":{ "default_value": 10},
        "switch_extruder_retraction_speed":{ "default_value": 10},
        "switch_extruder_prime_speed":{ "default_value": 10},
        "switch_extruder_retraction_amount":{ "default_value": 12, "value": "0.75 * machine_heat_zone_length"}
    }
}
