{
    "id": "X-Plus",
    "version": 2,
    "name": "X-Plus",
    "inherits": "qidi",
    "metadata": {
        "visible": true,
        "platform": "X-Plus.stl",
        "platform_offset": [-197, -38.3, 114]
    },
    "overrides":{
		"machine_start_gcode":{ "default_value":"; Script based on an original created by tjjfvi (https://github.com/tjjfvi)
; An up-to-date version of the tjjfvi's original script can be found
; here:  https://csi.t6.fyi/
; Note - This script will only work in Cura V4.2 and above!
; --- Global Settings
; layer_height = {layer_height}
; smooth_spiralized_contours = {smooth_spiralized_contours}
; magic_mesh_surface_mode = {magic_mesh_surface_mode}
; machine_extruder_count = {machine_extruder_count}
; --- Single Extruder Settings
; speed_z_hop = {speed_z_hop}
; retraction_amount = {retraction_amount}
; retraction_hop = {retraction_hop}
; retraction_hop_enabled = {retraction_hop_enabled}
; retraction_enable = {retraction_enable}
; retraction_speed = {retraction_speed}
; retraction_retract_speed = {retraction_retract_speed}
; retraction_prime_speed = {retraction_prime_speed}
; speed_travel = {speed_travel}
G92 A0 B0\nG28 X0 Y0\nG0 X-1000 Y-1000 F1800\nG28 Z0\nG1 X0 Y0 Z50 F3600\nG1 X0 Y0 F3600\nM140 S{material_bed_temperature_layer_0}\nM104 S{material_print_temperature_layer_0} T0\nM190 S{material_bed_temperature_layer_0}\nM109 S{material_print_temperature_layer_0} T0\nG92 E0\nG92 A0 B0\nG0 X0 Y4 Z0.3 F3600\nG1 X{machine_width} Y5 F2400\nG1 X5 A13 F2400\nG92 A0 B0\nG1 X5 F2400\n"},
		"machine_name": { "default_value": "X-Plus" },
        "machine_width": { "default_value": 270 },
        "machine_depth": { "default_value":  200 },
        "machine_height": { "default_value": 200 }
    }
}
